{"cameraMode":{"drawMode":0,"name":"Shaded","section":"Shading Mode"},"sceneLighting":true,"audioPlay":false,"sceneViewState":{"showFog":true,"showMaterialUpdate":false,"showSkybox":true,"showFlares":true,"showImageEffects":true,"showParticleSystems":true,"showVisualEffectGraphs":true,"m_FxEnabled":true},"in2DMode":false,"pivot":{"x":11.26098346710205,"y":3.6756579875946047,"z":-13.166492462158204},"rotation":{"x":0.0023061882238835098,"y":-0.8589546084403992,"z":-0.0038643982261419298,"w":-0.5120539665222168},"size":13.633744239807129,"orthographic":false}